Activity,Data Operation
Identify patient (ip),Read(ID)
Admission (ad),Read(ID-PatientID-Name-Gender-Age-Address-Phone number)
Admission (ad),Collect(AddmissionID)
Visit (vi),Read(AddmissionID-PatientID-MedicalHistoryID)
Visit (vi),Collect(VisitID-PrescriptionID)
Lab appointment (la),Read(AddmissionID-PatientID)
Lab appointment (la),Collect(LabAppointment)
Basic lab test (bt),Read(AddmissionID-PatientID-PrescriptionID)
Basic lab test (bt),Collect(BLabPID)
Advanced tests (at),Read(AddmissionID-PatientID-PrescriptionID)
Advanced tests (at),Collect(ALabPID)
Evaluate (ev),Read(AddmissionID-PatientID-PrescriptionID-BLabPID-ALabPID)
Evaluate (ev),Collect(TestResultID)
Consult request (co),Read(AddmissionID-PatientID)
Consult request (co),Collect(ConsAppointment)
Inter-colleague consultation (in),Read(AddmissionID-PatientID-VisitID-PrescriptionID-TestResultID-MedicalHistoryID)
Inter-colleague consultation (in),Collect(VisitID-CPrescriptionID)
Treatment prescription (tr),Read(AddmissionID-PatientID-VisitID-MedicalHistoryID)
Treatment prescription (tr),Collect(TreatmentPlan)
Discharge (di),Read(AddmissionID-PatientID)
Discharge (di),Collect(Confirmation)
Billing (bi),Read(AddmissionID-PatientID-PaymentID)
Billing (bi),Collect(PaymentReceipt)
