Role,User
Receptionist,R100
Receptionist,R101
Receptionist,R102
Receptionist,R103
Receptionist,R104
Receptionist,R105
Doctor,D100
Doctor,D101
Doctor,D102
Doctor,D103
Doctor,D104
Doctor,D105
Doctor,D106
Doctor,D107
Doctor,D108
Doctor,D109
Doctor,D110
Doctor,D111
Doctor,D112
Doctor,D113
Doctor,D114
Doctor,D115
Doctor,D116
Doctor,D117
Doctor,D118
Doctor,D119
Doctor,D120
Doctor,D121
Doctor,D122
Doctor,D123
Doctor,D124
Secretary,S100
Secretary,S101
Secretary,S102
Lab Expert,LE100
Lab Expert,LE101
Lab Expert,LE102
Lab Expert,LE103
Lab Expert,LE104
Lab Expert,LE105
AdLab Expert,LE200
AdLab Expert,LE201
AdLab Expert,LE202
AdLab Expert,LE203
AdLab Expert,LE204
AdLab Expert,LE205
Lab Director,LD100
Lab Director,LD101
Lab Director,LD102
Accountant,A100
Accountant,A101
Accountant,A102
Accountant,A103
Accountant,A104
Accountant,A105
Nurse,N114
